id,price,artist,title,duration,year
946279,4.03,Wesley Bennett,"Hac euismod, mauris!",1.19,2010
857893,10.53,Dennis Ball,Eu vivamus maecenas.,1.75,2007
400399,5.23,Arnav Fields,Congue dignissim rhoncus!,4.91,2001
458468,14.84,Lathan Hester,Eu nulla ut!,3.22,1999
664031,9.63,Lucas Henry,Fringilla lectus odio.,3.57,1999
146706,13.07,Eden Mooney,Imperdiet donec senectus?,4.41,2003
157283,12.24,Liv Carrillo,Facilisi justo dignissim!,0.41,2010
380099,1.75,Sophia Green,Enim risus suspendisse.,1.24,1998
255026,6.59,Emerson Santiago,Luctus nisi adipiscing.,5.03,2010
40894,14.16,Derick Haney,Sodales curabitur primis.,3.54,2005
669590,13.31,Bo Slater,Quam est dis.,0.97,2005
663681,7.95,Cody Buchanan,"At, curabitur mollis.",1.6,2002
520302,9.61,Skyler Butler,Lacinia semper pulvinar.,5.29,2014
192,3.08,Dana Kent,Urna netus scelerisque.,3.99,2004
703120,5.72,Helena Rojas,Sollicitudin libero aenean.,0.87,2015
159602,5.34,Jayden Cummings,Metus sed dictum.,3.27,2001
423672,7.82,Amari Church,Rhoncus conubia nisi.,3.34,2011
812616,4.6,Duncan Hancock,"Adipiscing lectus, eget.",3.12,2009
6956,1.05,Damion Murray,Blandit tellus eros!,4.3,2017
197608,10.54,Jaron Finch,Bibendum condimentum hendrerit.,2.38,2013
347002,14.54,Laura Richards,Gravida ligula habitant.,1.85,2002
917121,2.33,Ayaan Pugh,Integer lorem pulvinar?,0.69,2006
609762,4.61,Jaydon Turner,Aptent accumsan sodales!,0.94,1998
762977,2.68,Bodhi Bruce,Feugiat pretium curae;!,2.1,2008
52523,0.66,Kayla Finch,Ante ac adipiscing!,5.7,2012
58300,10.16,Braylon Freeman,Amet mollis nam.,0.44,2007
73109,2.17,Parker Hopper,Dolor nam blandit?,3.2,1998
254730,7.76,Patience Sexton,Rhoncus semper cum.,3.79,2012
852172,4.11,Heidi Calhoun,Conubia eget ipsum.,5.72,2011
773102,14.03,Mary Soto,Libero aliquet eu.,0.7,2005
201832,6.48,Aiden Herrera,Facilisi sociosqu praesent.,4.11,2015
325874,12.27,Virginia Poole,Ligula magnis in.,0.7,2000
483966,2.86,Alissa Newman,Adipiscing feugiat lobortis.,4.36,2007
209594,1.73,Izabelle Langley,Convallis est at.,0.73,2015
711419,6.18,Mitchell Wallace,Sagittis senectus ut.,2.72,2010
305670,13.54,Ariel Blake,Enim ornare posuere.,0.85,2009
195409,9.03,Konner Mckinney,Semper natoque nunc.,2.68,2003
777744,13.13,Jaron Hyde,Pulvinar ad class.,2.04,2012
352432,4.43,Hunter Larsen,Molestie sapien felis.,4.21,2013
703937,4.2,Alexzander Horn,Lorem suscipit montes.,4.4,2001
533921,1.56,Enrique Pacheco,Vel proin pharetra.,5.32,1999
132245,8.37,Eugene Hood,"Vestibulum mollis, ullamcorper.",1.52,2008
991959,5.03,Bronson Graves,Vivamus conubia curabitur.,3.6,2012
297388,3.41,Jaylyn Clark,"Per, eleifend accumsan!",4.34,2000
344314,4.92,Princess Downs,At pellentesque metus.,4.64,2001
987359,11.42,Isaac Barr,"Ac, vivamus id.",3.4,2003
152093,13.18,Ernesto Haynes,Nibh quis nibh!,4.05,2016
297992,7.3,Macy Bartlett,Nibh tortor convallis.,1.55,2015
473281,6.49,Michaela Stevens,Pulvinar urna augue.,0.98,2000
263800,11.71,Marcus Snider,Diam urna litora.,5.19,2003
505451,13.66,Cassidy Ray,Ornare est parturient.,0.81,2013
103377,1.04,Kellen Benjamin,Leo suscipit hac.,1.21,2001
680934,4.91,Mackenzie Bowen,Tempor cras rutrum.,2.01,2007
67649,6.16,Jayde Irwin,Netus et per!,2.38,2007
827716,8.88,Leah Henry,Lorem netus vitae.,5.73,2012
129249,10.16,Francesca Valencia,Orci blandit pharetra.,5.65,2011
259359,2.07,Jaidyn Cortez,Nostra rutrum sollicitudin.,4.21,2008
1294,9.08,Rene Caldwell,"Egestas, volutpat dictumst?",3.05,2003
907214,4.12,Dimitri Meyers,Non ultricies porttitor.,1.49,2002
223858,3.55,Fernanda Aguirre,Odio neque leo.,0.48,2013
858211,6.12,Amira Ball,Massa cubilia tortor.,1.52,2006
306408,7.68,Greyson Hinton,Eget congue in.,1.34,2010
911520,7.75,Chaya Dunn,Habitant orci curae;.,2.32,2015
164489,0.71,Taryn Franks,Molestie venenatis sit.,3.11,2013
17336,8.13,Amira Humphrey,Tempor justo senectus.,5.99,2011
338951,5.35,Landon Moss,Massa senectus habitant.,2.82,2010
711102,8.61,Santos Petty,Ac iaculis litora.,2.45,2012
735977,0.58,Zoie Russell,Ultricies cursus nec.,2.68,2008
906425,14.75,Kellen Ross,Eros sollicitudin suscipit.,5.66,2000
876213,10.55,Isabell Blevins,Feugiat nullam aenean.,2.66,2013
659985,13.39,Jazmin Nolan,Velit natoque himenaeos!,1.11,2005
891267,9.73,Damien Colon,Venenatis nisi phasellus.,4.32,2007
771702,9.49,Daniela Levine,Diam interdum iaculis.,0.49,2008
755876,8.54,Steve Dawson,Netus nunc rhoncus?,3.74,2000
333457,1.15,Eve Levy,Class habitant primis.,5.16,2001
493996,12.08,Olive Albert,Arcu nibh libero.,0.77,2002
589639,0.02,Ronald Greene,"Ad ridiculus, nulla.",5.44,2007
347122,13.61,Christine Orr,Diam bibendum tincidunt.,5.56,2005
722800,12.86,Colin Hall,Ornare quisque aliquam.,0.35,2011
143106,7.99,Miles Booker,Himenaeos conubia natoque.,0.4,2001
427705,9.16,Dorian Gutierrez,Cursus natoque a.,5.68,2010
353754,14.24,Lindsey Ayers,Vehicula tristique penatibus.,3.07,2001
387052,8.07,Jaidyn Patel,Turpis fermentum quam!,2.19,1998
579493,9.89,Hannah Berger,"Risus sagittis, condimentum.",0.56,2006
12145,1.79,Stephen Avila,"Netus est, ad.",4.83,2016
449368,13.72,Eve Potts,Rutrum bibendum porta?,4.36,2012
61805,6.54,Kendall Blackburn,Enim rutrum elit.,3.46,2005
174685,2.22,Russell Santiago,Natoque volutpat semper?,5.33,2013
2792,10.46,Kane Spencer,Libero parturient ornare.,1.45,2011
244541,8.71,Kamren Rodriguez,Nullam praesent luctus.,4.16,2003
225031,12.18,Ethen Ford,Nibh sit eleifend.,1.27,2001
1553,8.02,Carter Talley,Nisi ac quisque.,0.6,2017
474910,2,Princeton Miles,Elit montes rutrum.,4.55,2004
86056,3.24,Clara Mcintosh,"Arcu tincidunt, facilisi.",0.31,2001
119940,11.71,Yasmin Joyner,Vitae euismod pulvinar.,4.81,1999
987047,14.74,Kolton Boone,Sapien sagittis nec.,3.6,2013
108061,2.72,Samiya Knapp,Facilisis tellus nec.,1.23,2017
188162,5.7,Heidi Barlow,Ut mauris primis.,1.98,2006
734865,10.8,Alejandra Armstrong,Et curabitur rutrum.,2.69,1998
646969,6.73,Jada Terrell,Venenatis erat aenean.,3.65,1999
582020,9.76,Mathias Tate,Elit nascetur mi.,5.48,2000
595855,1.25,Yasmin Ward,Venenatis dolor montes!,2.87,2013
240187,9.89,Sherlyn Vaughan,Nascetur quam platea.,0.89,2005
902781,6.94,Quinton Ware,Semper sit proin.,1.44,2014
679700,10.85,Madyson Kent,Eleifend diam ac.,5.06,2005
480204,12.16,Gabriela Chavez,Platea platea magnis.,0.17,2015
382286,2.43,Casen Holland,Aliquet sapien ante!,2.34,2002
480432,0.33,Fisher Ramirez,"Vehicula purus, elit.",5.56,2015
597126,0.33,Emelia Cochran,"Torquent fringilla, augue.",1.49,2016
265696,13.63,Dulce Dale,Accumsan quis class.,2.5,2005
334519,2.91,Giovani Alford,Adipiscing habitant eget.,3.09,2003
391228,1.44,Braylen Banks,Sem praesent praesent.,1.44,2001
960433,13.59,Jazlyn Lambert,Suscipit ac congue.,2.22,2004
89616,12.54,Mattie Decker,Mus etiam pellentesque.,5.6,2007
505239,7.21,Princess Moran,Felis velit nisi.,2.15,2009
994727,3.73,Dorian Harper,Fusce conubia tristique.,3.7,2008
49891,7.7,Liam Brennan,"Tempus, magna conubia.",3.81,2010
93466,11.69,Elliana Zamora,Erat massa dapibus?,4.98,2009
802840,12.79,Jalen Odom,"Placerat, lobortis dictumst.",3.89,2009
143669,13.04,Gabriel Cardenas,Risus pretium tempor.,2.75,2016
730970,0.55,Albert Witt,Bibendum eleifend potenti.,5.35,2006
46400,1.92,Kason Tillman,Blandit quisque taciti!,0.38,2006
857828,1.17,Carolyn Hartman,Litora turpis laoreet.,4.11,2007
910932,7.77,Makenna Greer,Penatibus et tellus?,0.9,2000
592431,11.06,Noel Oneal,Porta amet montes.,0.88,2011
800705,4.76,Farrah Wright,Primis massa ridiculus?,1.15,2003
701936,10.29,Miah Bradford,Sit litora pretium!,4.65,2014
398525,13.35,Lewis Sawyer,Feugiat nulla lobortis?,2.72,2001
791448,2.99,Ashtyn Velez,Sit justo semper.,2.02,2016
79305,7.93,Amari Mcconnell,Litora accumsan cursus.,5.43,2002
404256,4.14,Santiago Holden,Facilisi id tortor.,5.73,2016
128610,13.26,Nicholas Herman,Est dictumst class?,4.84,2016
105765,4.86,Emiliano Ratliff,Torquent dui lacinia.,3.68,1999
95300,11.39,Franco Mcdonald,Eros nascetur feugiat.,4.27,2003
164416,12.26,Israel Perez,Tempus consectetur rhoncus.,2.79,2006
516551,4.32,Bailee Baxter,Praesent curabitur vitae.,0.08,2009
692878,8.35,Chloe Colon,Convallis pulvinar ridiculus.,3.87,2013
503529,11.3,Clark Brady,Auctor adipiscing ligula?,1.54,2005
362775,6.52,Emely Long,Vel primis nisl.,3.04,2012
926004,8.76,Ryland Solis,Mollis mattis posuere.,4.98,2005
56256,12.82,Kaia Townsend,Lorem mattis nullam.,2.66,2003
184179,4.36,Desiree Cooper,Volutpat lectus sociosqu.,4.78,2002
67661,2.76,Riya Goodwin,Aptent pretium tellus.,4.55,2014
806028,5.33,Lina Bennett,In cum inceptos.,5.65,2013
718588,13.48,Malia Mayer,Senectus sed molestie?,1.22,2004
358408,5.26,Asher Olsen,Convallis potenti tempus.,1.88,2005
499630,4.71,Bo King,Mauris imperdiet massa.,1.04,2016
410235,12.21,Valeria Bonner,In facilisis congue.,5.01,2007
102061,0.5,Abel Hogan,Commodo iaculis varius.,4.03,2005
536010,9.41,Royce Valentine,"Facilisis mattis, ante.",4.6,2013
952765,7.83,Ezequiel Pratt,Natoque lobortis nascetur!,3.2,2001
597964,14.15,Evie Kemp,Placerat consequat consequat!,0.44,2013
115673,6.76,Aaden Lynn,"Phasellus a, tempus.",3.15,2002
795112,13.71,Hudson Leon,Enim nisi tempor?,0.04,2015
673002,10.34,Mariam Buckner,"Fusce, velit volutpat.",1.72,2006
217495,11.18,Santino Mcguire,Diam fringilla euismod.,2.71,2001
949573,1.72,Benjamin Bond,Sollicitudin facilisi condimentum!,1.65,2015
893893,12.75,Jaden Bridges,Fermentum non senectus.,4.91,2014
193485,9.16,Ingrid Stein,Blandit pulvinar sed.,0.82,2000
571285,1.66,Taylor Kinney,Convallis tristique congue.,3.37,2014
576435,13.77,Lewis Bell,Sociosqu ut auctor.,1.12,2013
714345,7.98,Larissa Yates,A suspendisse luctus.,3.64,2008
626957,3.2,Marcos Potts,Praesent molestie pharetra.,5.52,2000
463244,11.93,Hayleigh Fox,Scelerisque senectus erat.,1.43,2010
459865,8.73,River Doyle,Aenean vulputate rhoncus.,4.36,2000
538057,7.29,Landry Vazquez,Posuere lacinia facilisi.,1.48,2011
415182,11.37,Channing Willis,Facilisi commodo at.,1.46,2013
328033,0.23,Leonard Guzman,Viverra quis hac.,2.44,2001
969833,11.89,Santino Hodges,Gravida ultricies aliquam.,0.09,2015
654035,7.56,Callen Jensen,Pretium vitae turpis.,3.31,2008
35391,8.01,Riley Hutchinson,Faucibus netus ridiculus.,2.32,2013
942403,2.25,Jared Forbes,Natoque id sociis.,4.96,2014
5142,1.11,Elliana Mcneil,Litora habitasse magnis.,4.87,2009
798553,12.66,Lawson Webb,Praesent natoque suscipit.,5.44,2001
163770,8.11,Bristol Witt,Molestie iaculis a!,5.93,2003
218559,0.94,Kamden Dickson,Fringilla curabitur rutrum.,1.36,2006
322925,13.54,Cora Abbott,Penatibus porta penatibus.,3.1,2000
927032,4.41,Daphne Roman,Eu himenaeos lobortis?,3.23,2011
795970,9.84,Nash Mcdaniel,Suscipit aliquet curae;.,5.92,2016
579553,7.98,Carly Terrell,Magnis faucibus eleifend.,1.99,2006
75177,8.39,Kameron Barber,Ligula magnis consectetur.,4.11,2013
817953,8.94,Annabel Welch,Ante pellentesque torquent.,5.57,2009
824657,11.93,Claire Lawrence,Lobortis blandit amet.,2.03,2000
416718,4.48,Jorden Cobb,Pulvinar integer volutpat.,1.76,2017
52314,3.24,Davin Simmons,Massa primis cubilia.,3.42,2000
8802,11.08,Maleah Alvarez,Mauris ultricies justo?,5.24,2013
574084,8.34,Pierre Beasley,Sociis fermentum turpis.,0.02,1999
129125,3.35,Brycen Bradshaw,Non venenatis justo.,0.02,2012
133764,11.49,Aleah Holmes,Cubilia lacinia torquent!,1.07,2003
564043,9.13,Gracelyn Hansen,Penatibus litora interdum.,4.12,2010
791697,12.82,Andrea Nixon,"Sociis, at viverra.",4.23,2000
245070,0.88,Rylie Barton,Lobortis himenaeos ipsum.,4.85,2014
445594,13.35,Kamryn Keith,Ornare pretium facilisi.,2.1,2004
175125,7.62,Rafael Rose,Fringilla morbi ut.,0.32,1999
596783,0.71,Ahmad Ruiz,Cum nascetur morbi.,5.71,2017
125601,5.03,Yaritza Salas,Dui suspendisse dui.,0.74,2004
725160,12.86,Kenny Hodges,Senectus lectus fusce.,2.16,2012
92519,0.46,Karis Ramirez,Rhoncus volutpat cubilia.,0.09,2004
886128,0.6,Camden Slater,Cum cras justo.,4.98,2003
750067,12.89,Zaire Vincent,Facilisis cum aptent.,2.58,2006
392796,8.6,Orion Bolton,Amet iaculis conubia.,3.15,2013
389787,12.14,Rory Nash,Fusce malesuada libero.,3.68,2017
696730,13.38,Rowan Whitaker,Consectetur viverra tellus.,0.45,2010
83705,4.91,Ayanna Durham,Integer dui venenatis.,1.03,2005
830530,5.36,America Glover,Curabitur fringilla aenean.,2.1,2013
59681,9.31,Grady Reyes,"Ut potenti, hac.",4.01,2008
25522,5.97,Amya Elliott,Litora mus aptent.,5.37,2006
527254,8.2,Timothy Mendez,Eu proin egestas.,0.3,2016
367832,14.42,Ali Daniels,Metus enim ut!,4.07,2002
442275,5.26,Ben Owens,Leo diam magnis.,1.25,2004
606142,2.53,Kayson Vang,Consequat penatibus bibendum.,0.53,2017
948601,11.68,Nikolas Roach,Duis aenean dis.,1.28,2010
474394,4.93,Zachary Oneill,Rutrum felis luctus.,2.23,2006
485129,5,Bianca Hurst,Lobortis auctor egestas.,0.25,2013
142727,10.36,Kaiden Doyle,Rhoncus sed quis.,5.42,2007
796462,10.34,Zariyah Noel,Neque taciti taciti.,4.98,2012
659940,8.87,Kenny Russo,Gravida proin aenean.,0.01,2007
335478,8.14,Jessie Melendez,Leo tellus magna!,5.8,2007
500737,13.25,Paola Adams,Aliquam habitant magna.,1.11,2002
796087,6.17,Ralph Whitley,Ac pulvinar nisl.,3.41,2009
581069,12,Miah Wells,Leo diam lacinia!,0.4,2003
764461,2.29,Rosa Salas,Condimentum ut ultrices.,0.84,2017
354817,9.53,Gilberto Padilla,Tortor etiam ullamcorper.,1.75,2006
727005,3.4,Alaina Martinez,Primis vivamus vehicula.,2.82,2001
855129,13.5,Ricky Byrd,Rhoncus faucibus class.,1.35,2001
923374,14.42,Trenton Haley,"Torquent, consectetur eget.",0.43,2015
793679,12.55,Marisa Tillman,Curae; erat sociis.,1.64,2000
782791,5.33,Paris Logan,"Fringilla nisl, lectus.",4.22,2011
81120,6.62,Izabelle Edwards,Adipiscing tristique cras.,0.31,2010
931963,2.6,Bryson Chapman,Hendrerit turpis cras!,4.71,2009
382032,5.89,Hunter Leblanc,Condimentum commodo tempor.,4.9,2006
12873,5.44,Cristiano Owen,"Quisque, justo nibh.",4.44,2006
567629,7.86,Giselle Gilmore,Tincidunt condimentum condimentum.,4.84,2007
798734,0.8,Jamal Alvarado,Et imperdiet integer.,3.61,2015
179523,11.02,Sherlyn Sherman,Libero lorem congue!,2.86,2014
346365,10.11,Devon Barton,Phasellus fermentum praesent.,2.34,2014
267800,7.37,Mara Patel,"Litora netus, ante.",4.4,2001
173309,14.02,Raymond Holland,Augue facilisis est?,0.53,1999
216727,4.62,Yareli Gallagher,Sociis accumsan nisi?,3.96,2015
697931,10.67,Camryn Lee,Odio hendrerit quisque.,1.58,2013
421330,12.74,Jordynn Vinson,Vulputate donec sit.,2.17,2007
430808,1.44,Jamar Schmidt,Integer rhoncus molestie!,3.77,2015
928159,8.36,Rayan Goodman,"Natoque, ornare sodales.",5.31,2016
655682,1.98,Jaxson Cox,Lacus condimentum dapibus.,0.63,2010
403498,14.03,George Salas,Dolor ligula torquent.,2.14,2008
588255,0.03,Isiah Kerr,Congue malesuada mi!,0.98,2010
42316,13.45,Tiffany Larson,Orci cubilia platea.,4.88,2005
251108,10.39,Seth Duffy,Class suspendisse tincidunt?,3.22,2002
281229,12.23,Kelvin Mcfarland,Sodales venenatis lectus?,2.1,2001
553029,6.05,Prince Morris,Volutpat a aptent.,3.32,2003
428760,2.53,Presley Mcdowell,"Auctor velit, volutpat.",3.28,2005
311031,3.25,Joziah Callahan,Rhoncus luctus et.,4.12,2000
576183,13.94,Evelyn Hartman,Euismod montes mollis.,1.97,2006
203333,12.05,Ellen Guzman,"Massa suscipit, est.",0.58,1999
402218,1.33,Cohen Grant,Hac potenti feugiat!,4.18,2000
891599,2.69,Brecken Mcgee,A volutpat cubilia.,1.3,2016
734878,14.48,Paxton Avery,Primis fusce primis.,0.06,2007
800703,11.79,Jeremiah Harper,Odio fames et.,4.17,2006
983727,2.76,Londyn Lambert,Porttitor purus semper.,4.32,2016
294310,6.12,Rowan Mcintosh,"Consequat, molestie suscipit.",1.43,2001
805849,7.19,Van Kinney,Sodales sed proin!,4.59,2015
234547,10.62,Zion Palmer,Aptent neque class.,0.92,2013
618801,10.7,Abraham Mcclure,Phasellus odio id!,0.17,2004
164058,5.84,Skyla Thompson,Aptent sapien sociis.,3.84,2007
823828,11.24,Finn Patrick,Duis cum; habitant.,3.24,2016
598707,3.85,Jaylene Dalton,"Nam pharetra, et?",0.82,2000
852632,1.24,Jayla Lynch,Ipsum scelerisque est.,2.18,2002
169225,10.49,Adelaide Ferguson,Eget pulvinar ante.,1.68,2002
400964,5.52,Misael Powers,Sagittis phasellus suspendisse?,1.86,2011
600068,5.46,Nyla Wheeler,Cubilia lobortis mi.,1.53,2008
462327,3.61,Rebecca Langley,Blandit imperdiet elementum.,5.69,2004
763790,0.52,Roselyn French,Tellus cubilia ultrices.,3.65,2015
25072,1.13,Zachery Jacobson,Egestas luctus facilisi!,3.26,2013
299182,14.87,Nehemiah William,Morbi consectetur dignissim.,4.88,2013
546166,8.58,Byron William,Consectetur placerat inceptos.,5.35,2003
531482,5.53,Saige Norris,Ac vitae malesuada?,0.9,2000
564911,4.92,Annabel Sykes,Nibh bibendum vestibulum.,1.15,2001
682932,4.14,Kristopher Snider,Himenaeos nibh molestie!,4.12,2012
69901,11.56,Romeo Horn,Venenatis eget consectetur.,2.34,2001
611952,10.7,Elliott Gay,Eros aliquet habitant.,2.48,2003
482494,1.65,Cora Carver,Mi consequat imperdiet.,4.19,2008
569229,8.04,Esther Mathews,Auctor felis ad.,5.12,2011
370081,3.06,Stephanie Munoz,Fusce nostra rhoncus.,1,2015
708987,14.97,Patrick Keller,"Nullam, potenti diam.",3.98,2016
252433,7.12,Mariano Bartlett,Venenatis sagittis hac.,3.16,2004
343732,9.65,Braydon Cameron,Aptent a scelerisque.,0.39,2009
114411,4.06,Zachary Abbott,Et lobortis nullam.,4.23,2008
180745,8.38,Dillon Baldwin,At pellentesque parturient.,0.7,2002
488311,4.99,Dylan Mendez,Nostra fringilla consectetur.,4.22,2003
28606,3.93,Ayla Riley,"Velit, nunc sollicitudin.",1,2007
219139,3.55,Jaylon Mcguire,Enim fringilla elit?,4.46,2000
712033,11.17,Brenton Collier,Porta imperdiet curabitur!,0.06,2015
276084,14.64,Addyson Ruiz,Malesuada feugiat tristique.,5.33,2014
183312,6.6,Terry Bartlett,Quis sociis magnis?,3.34,2002
223477,1.03,Jermaine Howe,"Sagittis, aptent consectetur.",3.19,2012
68607,1.99,Aria Boone,Magnis luctus a.,0.46,2004
214520,12.54,Jaiden Reed,Taciti feugiat erat.,2.75,1998
137422,1.17,Zain Atkinson,Conubia eleifend justo.,1.76,2017
621055,11.24,Antoine Mathis,Cursus pellentesque inceptos.,2.24,2013
433505,12.91,Noelle Duran,Diam amet imperdiet!,5.46,2002
662667,14.78,Mekhi Cabrera,Fusce sit placerat.,0.67,2013
55470,11.23,Byron Chan,Senectus volutpat ligula.,2.06,2016
648397,8.81,Chance Moreno,Parturient turpis arcu.,5.51,1999
825415,8.57,Vanessa Pearson,Rhoncus sodales senectus.,4.36,2013
694345,13.14,Nylah Harvey,Curae; adipiscing placerat.,2.98,2005
333832,5.81,Cherish Dickerson,Dictum fusce lobortis.,2.9,2005
30443,0.11,Jett Morrow,Himenaeos placerat purus.,4.47,2013
99069,6.99,Kendyl Simpson,Congue massa cum.,0.11,2011
259684,12.22,Simon Wells,Nam ut hac.,2.12,2003
829643,5.14,Brenna Stout,"Platea turpis, auctor?",2,2002
183088,5.06,Evelyn Mckenzie,Facilisi ligula nisi.,4.17,2002
27674,14.7,Janessa Morrison,Vestibulum eleifend proin.,3.63,2007
53679,10.16,Addison Wood,Ac morbi eros.,4.06,2001
421733,4.39,Milan Stanley,Dolor aliquam dapibus.,0.28,2002
372762,1.14,Melody Cotton,Posuere curabitur consectetur?,2.92,2012
967369,8.46,Dustin Wooten,Penatibus mauris nascetur.,3.46,2002
591782,5.43,Braiden Nunez,Bibendum ac condimentum.,2.41,2008
403610,7.81,Byron Horton,Class volutpat id?,0.8,2001
333036,2.33,Analia Rice,Cum hac at.,0.58,2005
603716,1.22,Morgan Holloway,Dictumst risus laoreet.,3.8,2001
992530,7.22,Larry Henderson,Massa vehicula id!,0.65,2000
208459,0.87,Tobias Perry,Fringilla commodo fames.,5.63,1999
838260,10.28,Regina Walsh,Tristique tincidunt suspendisse.,2.45,2017
280222,4.78,Knox Stevens,Torquent suspendisse ligula.,1.91,2008
967193,11.85,Addyson Hess,Conubia aliquet ornare.,1.43,2001
966184,2.82,Daniella Sawyer,"Turpis, rutrum metus.",1.55,2000
734236,10.39,Graysen Wood,Nam class imperdiet!,3.81,1999
408892,1.62,Armani Rogers,Fringilla non fames?,3.86,2012
516467,12.78,Kristina Copeland,Convallis tellus maecenas.,2.05,2008
392476,12.22,Branson Winters,Habitasse quisque nostra.,3.63,2007
925919,5.15,Sullivan Dixon,Quam hac condimentum!,0.02,2014
462814,8.52,Ansley Franks,Maecenas tempor fames.,3.7,2009
834186,6.73,Kingston Barnett,Varius consectetur tellus!,5.04,2007
509909,2.88,Miracle Mack,"Vel rutrum, venenatis.",3.64,2011
822145,2.33,Helen Bartlett,Quam eros justo.,1.31,2007
50772,14.24,Marlene Mendoza,Ipsum facilisi pulvinar.,0.92,2007
918069,3.33,Uriah Hahn,Magna vestibulum amet.,4.81,2007
701077,7.8,Melany Suarez,Ornare tempor sodales.,0.41,2013
737402,10.51,James Woods,"Varius, tempor etiam.",1.14,2014
573895,9.02,Angela Noel,Maecenas natoque phasellus?,5.37,2006
387505,0.85,Rohan Hogan,Libero ligula litora.,1.49,2007
593753,13.53,Eliana Levy,Condimentum nunc eleifend!,0.97,2012
750620,4.39,Benson Hicks,Tortor diam fames!,3.17,2001
964335,8.2,Kaydence Ellison,"Suscipit, duis ante!",2.42,2005
8362,10.52,Uriah Alvarado,Nullam fringilla vestibulum.,2.83,2005
278081,2.47,Julianne Lester,Laoreet adipiscing pharetra!,1.63,2007
520999,2.47,Averie Velasquez,Bibendum inceptos duis.,1.89,2013
5975,2.61,Cassius Sears,Quisque enim sagittis.,1.65,2006
424823,1.89,Dylan Miranda,Luctus condimentum suscipit.,5.25,2013
355805,0.65,Miranda Colon,Sociosqu nibh vivamus.,5.83,1999
560867,9.54,Masen Hayes,Lobortis tempor dui.,3.82,2013
737169,8.08,Howard Sloan,Quam conubia tempus.,3.76,2015
598271,1.84,Issac Hyde,Eu est purus.,4.97,2004
321521,3.46,Brock Vazquez,Fringilla etiam mattis.,4.01,2012
465569,11.48,Jaycob Ellison,Eros tempus ante.,2.37,2001
435518,11.73,Adan Vance,Nec platea placerat.,2.91,2008
453180,9.56,Morgan Mccullough,Quis scelerisque molestie.,0.34,2014
775969,11.75,Liliana Pope,Eu leo volutpat?,2.15,2011
600385,14.87,Leyla Francis,"Mauris, et posuere.",5.29,2002
684665,2.37,Chana Galloway,Felis commodo commodo.,3.48,1999
230063,5.21,Ethen Lancaster,Eleifend morbi congue.,0.17,2002
971348,6.01,Alia Lindsey,At risus convallis!,0.38,2002
744486,4,Francisco Nielsen,Fames praesent tristique.,3.71,2016
23137,2.7,Madisyn Fernandez,Ipsum dolor etiam.,0.05,2013
45431,14.54,Aurora Justice,Consequat ipsum netus.,5.25,2005
188664,0.89,George Tyson,Porttitor quisque fames.,2.3,2001
191912,2.61,Ally Espinoza,Lorem malesuada habitasse.,5.91,2011
675208,5.61,Rachel Booth,Viverra neque condimentum.,1.93,2007
158794,12.22,Celeste Walls,Vestibulum integer adipiscing.,2.02,2011
447117,7.73,Lesly Herring,Dui turpis integer.,4.23,1999
809588,8,Leona Coleman,Gravida fusce taciti.,0.53,2006
863793,2.29,Aron Richards,Non lorem porta.,2.92,2004
446692,1.12,Kenneth Bartlett,Cras odio ultrices.,1.24,2005
45511,2.49,Milana Golden,Porttitor magnis et?,3.38,2004
552371,14.99,Kaylin Kramer,Nisi ridiculus himenaeos.,2.58,2009
205379,4.39,Bradley Hooper,Cum proin torquent.,1.47,2000
583752,5.21,Chanel Webb,Vel a nisl?,4.91,2010
435693,11.69,Kash Tran,Suscipit himenaeos elementum.,3.74,2003
935120,2.16,Braiden Hinton,Orci mi odio.,4.93,2008
686984,8.05,Duncan Cortez,"Eros cursus, varius.",2.27,2007
430784,13.58,Jaydan Cantrell,Vestibulum lorem penatibus.,0.22,2014
928035,8.77,Aviana Larsen,Elit ridiculus ipsum.,5.03,2002
961812,7.88,Morgan Guzman,Montes class at.,0.49,2002
725146,11.97,Tabitha Crawford,Sollicitudin natoque lobortis.,2.09,2009
129902,2.96,Sadie Herrera,Netus vehicula lacinia.,1.63,2014
728935,3.35,Mia Moses,Cursus odio consequat.,1.33,2002
11676,3.82,Cael Moore,Fermentum eu donec.,5.98,2001
806947,7.32,Aron Pearson,Per sapien dictumst.,5.13,2014
406680,1.36,Susan Hunter,Accumsan leo ullamcorper.,0.1,2001
810358,1.04,Hudson Greene,Fermentum consequat facilisi.,4.73,2000
182363,8.06,Alexander Ross,Ante morbi vel.,0.33,2013
213062,6.73,Damien Snyder,Porta lacus taciti.,4.61,2010
579334,5.29,Lucas Warner,Tellus justo posuere.,2.43,2012
111401,6.12,Natalia Tanner,Tempus sollicitudin nascetur!,0.72,2002
590150,10.73,Adriel Chavez,Pulvinar in elementum.,2.69,2014
322847,0.07,Ansley Frost,Pulvinar etiam eros.,5.79,2005
774947,12.98,Rose Stanton,Nec phasellus cras.,1.67,2011
571895,14.69,Akira Noel,Pretium sociosqu ac.,0.57,2000
127171,4.33,Quinn Steele,Litora habitasse dapibus.,5.05,2012
1456,9.37,Sean Wilson,Velit est luctus.,3.34,2015
852707,1.3,Mariano Ross,Etiam torquent quam!,1.7,2010
498036,5.78,Rylee Walker,Inceptos consequat etiam.,1.45,2016
175679,6.47,Kate Galloway,Montes aenean morbi.,2.5,2014
568980,10.47,Alexandra Britt,"Venenatis taciti, viverra!",0.13,2011
534196,3.65,Jermaine Perez,Parturient eros conubia.,2.93,2003
760048,12.9,Tristan Mayo,Vestibulum sodales dignissim.,1.55,2009
779346,7.37,Jamie Weber,Porttitor tristique condimentum.,4.08,2004
851633,13.85,Eddie Rivers,Magna est dictumst.,4.27,2010
240694,11.43,Griffin Camacho,Auctor elit rhoncus.,0.04,1999
321874,13.55,Alvaro Sims,Sodales semper auctor.,0.95,2006
771585,14.72,Dakota Harrell,Aliquet magna neque.,3.26,2003
814959,12.16,Ximena Richard,"Primis pellentesque, dignissim.",1.63,2010
137524,6.69,Kathryn Giles,Lobortis fringilla ac.,0.96,2007
602903,4.17,Martha Stephens,Leo pellentesque id!,3.41,2004
360911,8.32,Stephanie Giles,Potenti montes potenti.,1.06,2009
279069,12.01,Abdullah Hunt,Amet suscipit tincidunt.,2.7,2008
885426,13.19,Miley Guerra,Bibendum auctor varius.,3.85,2006
171726,13.01,Carla Dickerson,Cras leo duis.,4.06,2010
673327,7.14,Bentley Stephens,Nostra metus varius.,0.73,2005
215917,7.34,Nina Walker,Consectetur conubia fames!,4.74,2003
598959,8.69,Aydin Parrish,Sodales molestie risus!,1.28,2013
271923,13.55,Chaya Moreno,Tortor quisque inceptos.,1.87,2009
751745,1.09,Corey Maddox,Auctor felis nam.,1.09,1999
128601,7.09,Jagger Sharp,Natoque justo massa.,4.44,2003
511940,5.71,Trenton Carver,Vulputate lacus sociis.,2.47,2013
679881,0.7,Lila Ellis,Faucibus cubilia libero?,4.09,2005
512440,10.18,Gauge Elliott,Ultricies fusce per.,3.51,2008
12698,4.54,Semaj Mueller,Taciti felis mus.,3.81,2011
849909,8.41,Zariyah Curry,Erat pulvinar dictum.,4.69,1999
394646,12.64,Anya Richards,Eleifend magnis sodales.,1.47,2006
158528,8.49,Carson Hawkins,Semper porttitor dui.,5.43,2008
399629,0.84,Nia Cervantes,Consectetur felis aliquet?,0.49,2003
409625,3.04,Kiley Klein,Facilisis faucibus dictumst.,0.76,2003
659800,0.46,Brylee Koch,Viverra diam lacinia.,1.38,2002
550484,5.47,Alma Vazquez,Vitae fringilla donec!,1.59,2016
982056,0.23,Ariella Vasquez,Phasellus aptent ut.,1.5,2015
345601,4.42,Kyndall Mcmillan,Hac nisi proin.,1.66,2002
817379,3.33,Jaylynn Rivas,Nunc id nisi!,1.84,2006
33685,7.05,Isabel Mckenzie,Lacinia diam vitae.,1.77,2003
321308,14.5,Kyson Quinn,Montes torquent egestas?,3.18,2013
663662,1.12,Leonardo Alvarez,Iaculis vitae aliquam.,5.25,1999
493811,6.6,Carolyn Barr,Ipsum molestie habitasse.,5.31,2013
222988,14.08,Callie Foley,Dictumst elit ligula?,2.28,2016
136845,9.1,Eva Cash,Odio id eget.,0.72,2010
921535,1.51,Sara Chen,Torquent iaculis commodo.,4.15,2008
617893,0.31,Eduardo Mann,"Duis, ridiculus tempus.",3.5,2013
244336,5.6,Elsa Berger,Pretium ullamcorper feugiat.,3.94,2017
677743,8.47,Noel Guzman,Aliquam cubilia potenti.,5.85,2014
636475,8.61,Judith Jefferson,Quis facilisi semper.,5.7,2004
770801,5.74,Camryn Solis,Orci duis congue.,1.87,2007
933397,4.45,Beckett Ferrell,Est primis facilisi.,1.74,2006
676219,8.09,Maleah Emerson,Habitasse semper in.,4.05,1999
899920,5.83,Kourtney Ford,Placerat sed porta!,1.01,2008
368119,2.3,Kailee May,Tellus sodales elit.,3.17,2001
491235,7.63,Braylen Schultz,Ad venenatis metus.,3.14,2014
383185,0.7,Francisco Gould,Sodales elit lacinia!,4.03,2017
699173,6.39,Kaitlin Dyer,Porta eget quis.,0.22,2015
173917,2.45,Deshawn Lyons,Fermentum fermentum taciti.,0.69,2015
97013,14.12,Alfonso Simon,Primis conubia litora.,5.91,2005
185827,4.25,Elisabeth Solomon,Luctus quisque vel.,2.63,2000
446125,8.8,William James,Id ipsum quis.,4.78,2012
646843,12.04,Bentley Wynn,Neque viverra pulvinar.,2.53,2002
977722,7.36,Ellen Burt,Non molestie purus!,4.67,2015
307226,8.96,Frankie Lowe,Montes aenean tellus!,0.09,2013
212998,0.85,Reagan Valdez,Malesuada risus montes.,3.9,2010
618259,3.59,Bryan Kinney,Eleifend ad sodales.,5.6,2003
434946,5.2,Marcus Bender,Potenti diam pulvinar?,5.02,2002
88003,1.25,Miles Barton,Quam consequat rhoncus.,2.63,2007
175125,4.78,Holden Marquez,"Consequat tortor, cras!",4.1,2003
802401,0.04,Payten Harrington,Sit nullam ut?,0.57,2006
328661,4.59,Maeve Copeland,Torquent pharetra suspendisse!,0.21,2007
349997,11.69,Erik Fields,Mauris sagittis etiam.,3.45,2000
760766,5.9,Emilie Sutton,Turpis sollicitudin luctus.,4.9,2008
638573,6.45,Moshe Walters,Vehicula eros conubia?,4.66,2006
518056,8.59,Larry Cherry,Aliquet leo proin.,3.57,2007
341970,14.75,Madalyn Craig,Aliquet montes at?,5.1,2010
7943,12.43,Hadley Heath,Aenean platea elementum.,1.56,1998
965374,7.11,Rey Stokes,Mi aliquam vulputate.,5.32,2012
759392,8.27,Priscilla Ashley,Porta dui mattis.,1.47,2000
767357,2.73,Jairo Kinney,Volutpat et sem.,2.19,2014
628317,13.75,Alia Stokes,Et et lectus.,0.04,2009
26950,5.64,Ariel Padilla,Pretium ante integer.,3.73,2008
560896,1.89,Ronald Ryan,Cubilia odio faucibus.,3.84,2011
394028,1.37,Luis Herrera,Dui aliquet ad.,5.47,2002
278095,9.89,Abril Pace,Interdum mi scelerisque.,5,2012
311286,10.54,Lia Gordon,Viverra massa neque.,5.2,2016
494673,13.89,Coleman Montgomery,Nullam tempus at.,3.48,2011
746097,4.72,Dangelo Whitehead,"Non parturient, duis.",2.28,1999
535959,14.45,Rhys Duran,"Condimentum, velit mattis.",1.95,2008
720520,3.66,Konnor Hodges,Donec lacinia aliquam?,1.46,2013
465664,1.21,Mia Vaughan,Consectetur porttitor lectus.,2.81,2014
377752,1.58,Jonas Graham,Per ornare cubilia.,0.4,2012
88039,8.69,Korbin Bennett,Rutrum vitae tristique.,2.47,2010
573295,4.14,Isabella Weeks,Himenaeos natoque lacus.,1.77,2015
437625,14.49,Angelica Odonnell,Curabitur ridiculus auctor.,3.33,2007
229126,11.32,Brent Mcbride,"Dis, commodo libero.",2.21,1999
619909,4.16,Damien Huffman,Vivamus imperdiet blandit.,5.64,2016
939144,10.31,Jorge Baxter,Tincidunt natoque cubilia!,1.92,2008
116143,6.53,Sloan Reynolds,Mus consectetur ligula.,2.7,2005
564188,1.21,Gracelynn Fletcher,Inceptos sed tempor.,2.26,2000
915618,11.38,Allie Wilder,Ipsum nam mus.,4.49,2000
804893,6.99,Christopher Finch,Proin egestas urna.,2.08,2006
88679,0.57,Callan Henderson,Curae; leo ultricies.,2.36,1999
990674,8.11,Conner Stein,Euismod venenatis fusce.,5.17,2013
663747,12.16,Adalyn Lawson,Ad semper nibh.,4.63,2014
573114,0.8,Marcelo Rose,Hendrerit luctus enim.,4.56,2006
921647,10.98,Elin Booth,Enim dictumst sodales.,4.91,2003
62046,6.76,Karma Blankenship,Fermentum odio rutrum.,0.98,1999
470506,2.92,Diana Obrien,Taciti nulla nostra.,3.97,2014
392596,0.9,Quincy Mcdaniel,Ipsum mauris turpis.,0.4,2017
714519,8.65,Madalyn Price,Sem vel dignissim.,3.92,2016
961483,12.3,Alianna Bernard,Rutrum ut ante.,2.74,2014
579852,11.64,Kason Williamson,Nulla lacus lacinia.,2.55,2017
820849,12.62,Lindsay Wynn,Primis hendrerit et.,1.81,2017
610967,13.8,Mila Sanford,Facilisi conubia turpis!,5.54,2013
767900,4.49,Stephen Brennan,Ornare cubilia vel.,5.56,2007
800651,5.87,Ayana Meyers,Porttitor lorem pellentesque.,3.52,2013
318644,6.68,Kamryn Maynard,"Morbi purus, urna!",3.55,2016
767030,8.59,Libby Sandoval,Curae; morbi class.,0.58,2009
804004,11.14,Kane Barrett,Fusce ut justo.,2.01,2001
140854,14.25,Jedidiah Rich,Luctus lacus malesuada.,2.22,2000
76583,6.16,Delilah Reilly,"At mollis, bibendum.",2.1,2009
276318,7.02,Amari Zamora,Phasellus morbi tristique!,4.34,2012
566377,13.2,Alex Payne,"Senectus elit, cursus!",2.89,2011
648724,4.26,Temperance Garrison,Fermentum dis malesuada.,2.36,1999
673695,14.13,Colt Moran,Duis taciti duis!,3.72,1999
552243,4.72,Ashlynn Strong,Dignissim ad dignissim.,4.91,2013
737591,9.11,Eve Becker,Risus maecenas diam.,0.31,2004
961076,3.33,Pedro Thompson,Morbi ante tristique.,2.32,2011
68069,14.07,Kayden Todd,Iaculis eros nullam.,0.41,2002
667282,10.96,Lucy Russo,Sodales curabitur posuere.,3.23,2014
780357,5.78,Mira Brewer,Cubilia dis consequat?,2.25,2010
58562,6.26,Leandro Golden,Hendrerit tempus himenaeos.,2.62,2004
419518,5.8,Milania Knox,Gravida tempus himenaeos.,0.7,2015
149276,5.64,Eleanor Gould,"Diam sapien, non!",3.66,2005
613699,3.84,Jacey Dejesus,At magna ad.,3.35,2000
727980,5.97,Isabela Edwards,Cras magnis hendrerit.,1.44,2011
244270,9.39,Frances Hanson,"Nulla, ac porta.",4.32,2015
734753,8.42,Enoch Meadows,Blandit tincidunt commodo.,0.24,2011
871166,14.54,Zoie Wright,A erat justo.,3.2,2016
231614,5.56,Felipe Sheppard,Sodales duis convallis.,5.27,1999
401692,14.45,Aviana Carroll,Class posuere lectus.,1.74,2000
579287,12.83,Thaddeus Knox,Odio dictumst ultricies.,3.51,2012
241074,10.84,Isabella Ruiz,Ipsum porta dapibus.,2.88,2001
683612,3.77,Geraldine Hewitt,Nibh lacinia litora.,3.71,2015
413052,2.43,Hunter Howe,Egestas facilisis feugiat?,1.56,2004
424885,2.64,Isabelle Wilkins,Eu tincidunt ridiculus.,3.01,2000
388774,0.26,Alfred Morales,"Sapien facilisis, rhoncus.",0.98,1998
633386,6.57,Scarlet Kline,Posuere senectus amet.,1.38,2011
612298,4.33,Moses Massey,Primis augue semper.,4.81,2003
224411,13.01,Isabela Morales,Pulvinar accumsan diam.,0.32,2003
960956,1.87,Haylee Mcclure,Fusce molestie quis.,3.88,1998
356051,12.37,Winston Burns,Conubia nostra scelerisque.,1.91,2016
628885,6.37,Luca Hutchinson,Montes sapien maecenas.,1.04,2004
723034,4.05,Jane Reese,Turpis fermentum primis.,1.79,1999
171986,10,Warren Caldwell,Mattis quisque consectetur.,5.47,2016
349887,8.23,Jennifer Glover,Ullamcorper dui feugiat.,1.08,1999
702617,11.14,Ivanna Curry,Lacinia lorem scelerisque.,1.38,2005
496712,4.16,Bentley Gentry,Scelerisque eleifend hac.,3.84,2002
472268,12.16,Amir Everett,Sollicitudin ante lorem.,5.22,2002
540846,14.73,Riley Mccall,Pellentesque odio fusce.,4.07,2007
330534,6.64,Kendrick Hicks,Venenatis est mus?,3.38,2004
947705,5.69,Luca Alford,Cras adipiscing leo.,3.89,2008
798642,8.65,Annalise Levy,Facilisi aliquam consectetur.,1.58,2000
694073,6.78,Cheyenne Craft,Massa vel netus?,3.84,2004
745822,0.82,Jayleen Morse,Porttitor viverra duis.,4.76,2011
757124,10.44,Jerome Mills,Aenean sollicitudin tempor.,3.95,2012
906812,11.34,Emilia Stone,Massa massa eleifend.,5.83,2013
532471,3.16,Kathleen Briggs,Sagittis accumsan montes.,1.59,2004
728757,9.04,Jaidyn Macias,Dictumst morbi urna!,3.02,2002
294500,7.46,Jordyn Howell,Urna fusce vestibulum.,3.7,2010
285807,14.23,Giselle Bender,"In curabitur, consectetur.",1.19,2008
62292,2.04,Vihaan Blair,Sociosqu porta natoque.,0.37,2014
249679,2,Hope Warner,Tellus aliquet varius?,1.88,2005
484399,10.72,Henry Ayala,Mus enim hendrerit.,4.39,2004
154468,3.11,Steven Daugherty,Ultricies ridiculus dui.,0.38,2001
605763,10.09,Janiya Coleman,Purus turpis lobortis.,4.82,2006
443998,1.61,Eleanor Ochoa,Facilisi ridiculus luctus!,3.68,2004
630057,14.05,Tatiana Booker,"Magnis, faucibus senectus.",2.14,2000
39973,11.98,Hana Peters,"Lobortis, bibendum litora.",0.53,2015
40734,7.66,Casey Garrison,"Sem et, tempor!",5.97,2007
419234,2.29,Ruben Keith,Ultrices tristique commodo.,2.54,2013
694052,5.95,Anabella Barker,Tristique purus sapien?,4.01,2000
438387,8.68,Kenna Morgan,Class tincidunt per!,0.43,2014
747371,7.59,Paityn Clark,Luctus massa pretium.,2.2,2006
394084,10.25,Van Mayer,Auctor cum suspendisse.,5.47,2012
536002,6.68,Riley Barron,"Urna, malesuada erat.",3.64,1999
57248,7.14,Brayan Hickman,Erat primis orci.,5.17,2006
761869,4.98,Kelvin Alston,Facilisis ligula facilisi.,5.35,1999
669518,13.22,Reuben Montgomery,Volutpat ac dui!,0.27,2016
607302,0.24,Rose Ray,Id malesuada torquent!,3.48,1999
140184,8.95,Jane Whitney,Potenti sollicitudin sit.,3.13,1998
637202,5.66,Yareli Morgan,Fusce arcu duis.,4.85,2000
931918,8.1,Karsyn Horn,Senectus auctor tincidunt.,5.4,2011
602888,8.56,Keith Hurst,Posuere lorem torquent.,2.66,2012
373556,6.5,Jocelynn Simmons,Libero sociosqu primis!,2.37,2011
510899,5.65,Serena Franco,Tempor dui aliquam.,1.06,2002
388233,4.05,Moriah Weeks,Semper nulla iaculis.,0.6,2000
570026,0.68,Ella Mccarty,Eu habitant nullam.,1.51,2011
875139,10.44,Micah Pierce,Ante ad at.,3.35,2009
879860,4.25,Muhammad Schroeder,Himenaeos sapien aliquam.,2.68,2005
233178,8.62,Bodhi Gillespie,Curae; eleifend dictum.,5.45,2012
974145,4.09,Olivia Villarreal,Rutrum quis elit.,1.64,2017
764828,3.74,Ernesto Holcomb,Posuere commodo taciti.,1.03,2009
582197,13.11,Maddox Hale,Nec vestibulum scelerisque?,3.29,2003
948455,4.21,Hattie Caldwell,Sagittis fusce interdum!,2.82,2011
221694,5.98,Rylie Horton,Hac elit semper.,4.64,2010
817385,10.01,Caiden Soto,Ultricies nibh lectus.,1.37,2001
486102,9.03,Mariam Crawford,Blandit felis ac.,5.99,2004
934010,12.53,Hunter Hodge,"Consectetur, cursus volutpat.",4.09,2002
140026,11.83,Molly Snow,Suscipit eros integer.,0.48,2006
697202,13.47,Millie Joyner,Feugiat tellus aliquet.,1.13,2011
385759,2.67,Alijah Wood,Dictumst aliquam praesent.,3.22,2010
971323,14.55,Diya Cotton,Facilisis luctus tellus.,1.33,2007
914323,13.75,Kendall Ramsey,Nisi eget justo.,2.42,1998
275111,8.21,Bethany Reynolds,Tortor morbi nisi.,0.09,2000
604273,5.93,Francesca Stephenson,Ad leo luctus.,4.6,2012
18723,3.35,Emma Blanchard,Tempor cursus ut.,1.33,2000
981546,11.23,Rogelio Chapman,Purus suspendisse dignissim.,5.56,2003
527214,4.02,Leyla Mendoza,"Felis dictum, tellus.",0.62,2017
803643,10.43,Leona Anthony,Est scelerisque natoque.,1.95,2001
838739,12.4,Kimber Koch,Porta lacinia ridiculus.,0.42,2015
381418,1.63,Naomi Valentine,"Eget non, a.",4.13,2007
515752,11.54,Johan Mack,Congue est interdum?,3.62,2007
501757,14.42,Leigha Hall,Cursus vitae montes.,0.43,2008
957484,6.85,Julio Donaldson,Non molestie vestibulum!,5.28,2000
64436,8.07,Laurel Christian,"Sem, montes duis.",4.18,2005
951997,14.03,Amir Gentry,Leo habitant sagittis.,3.83,2011
796421,0.95,Curtis Slater,Erat rutrum etiam.,4.76,2017
456062,5.22,Vihaan Ellis,Netus convallis netus.,0.52,2016
656917,2.09,Malaysia Hays,Odio orci imperdiet.,5.08,2015
841185,8.37,Veronica Wynn,Fusce nulla a.,5.5,2014
796421,9.49,Harrison Combs,Rutrum curae; arcu.,5.62,2015
94017,4.09,Jacob Atkins,Cras interdum sit.,4.19,2014
183079,13.68,Alissa Sharp,Gravida sodales accumsan.,0.55,2001
709472,2.74,Monica Waters,Vehicula eleifend sociosqu.,1.43,2002
259617,8.65,Rocco Reeves,Netus mus laoreet.,5.05,2009
264802,13.17,Sasha Rivas,Ipsum erat hac?,4.07,2014
244140,1.08,Arielle Mcgowan,Taciti morbi per.,2.29,2003
912926,8.56,Cannon May,At turpis rhoncus.,2.37,2010
938061,12.5,Maria William,Pulvinar ornare facilisi.,0.14,1998
283292,13.36,Collin Woods,Facilisi pellentesque volutpat.,5.98,2007
154463,12.93,Maeve Moore,"Egestas, penatibus bibendum?",5.29,2005
528549,4.04,Keira Berry,"Eu per, malesuada.",5.82,2010
130157,12.94,Nehemiah Franco,Convallis ut ultricies.,5.65,2015
505316,10.3,Luna Bryan,Consequat urna sagittis.,4.76,2002
534728,5.29,Jaylene Bruce,Metus sem commodo.,5.72,2010
327327,11.99,Miya Brooks,Adipiscing lectus felis.,3.14,2006
939845,5.65,Reese Hendricks,Habitant nulla lacinia.,4.91,1998
779227,10.77,Jabari Clarke,Mattis condimentum aenean?,1.3,2004
862125,10.9,Esperanza Boyle,Ac sapien habitasse.,2.42,2006
329317,14.31,Adele Robertson,Placerat nisl suscipit.,4.07,2003
742815,12.13,London Boyle,Sollicitudin quisque senectus.,5.7,2016
729504,4.61,Kylie Sellers,Sed congue lorem!,2.32,2012
477595,8.31,Enoch Kirk,Velit elit id?,3.04,2006
440764,10.67,Tyree Wolf,Vel tellus a.,3.63,2016
359760,0.27,Gianna Hoover,"Dapibus, auctor eget.",0.36,2017
372379,4.6,Melissa Dominguez,Eget dictumst dignissim.,0.07,2000
550090,8.37,Ruth Stephenson,Est cum suspendisse?,1.79,2012
673243,3.93,Vera Snyder,Vitae fames cursus?,2.32,2007
436654,11.08,Trenton Pate,Vel ad cras.,0.97,2007
563503,1.72,Laila Hall,Pharetra sagittis fusce.,0.87,2008
497869,5.44,Phoenix Cline,"Ullamcorper consequat, orci.",3.81,2000
444840,9.7,Abigail Dorsey,Nisi condimentum sem.,4.77,2014
532059,3.87,Demi Trevino,Semper posuere ac!,2.61,2005
777640,8.45,Derick Camacho,Rutrum odio hac.,3.53,2001
366824,11.03,Andre Golden,"Ullamcorper, ut blandit.",3.13,2008
463363,7.63,Kiara Cummings,Libero semper blandit.,5.69,2016
411475,12.63,Gwendolyn Williams,"Porta, elementum proin.",3.79,2000
720385,2.43,Messiah Pope,Non quis vivamus?,2.66,2001
665839,12.25,Clay Stephens,Facilisi metus dictumst.,1.28,2017
691578,6.93,Charles Gaines,Convallis condimentum dignissim?,2.26,2016
48703,5.88,Jillian Howe,"Sodales mus, justo!",3,2012
271932,3.12,Arianna Moon,Purus tortor est!,1.78,2016
159177,12.46,Kaylie Morgan,"Orci, tristique suspendisse.",3.5,2008
894485,8.52,Araceli Graham,Mauris tellus et.,5.76,2010
834261,12.69,Antonio Maldonado,Class tortor nostra?,4.32,2007
262849,3.91,Alvin Brennan,Lacus cras magnis!,3.39,2016
115901,11.97,Triston Hendricks,Congue integer leo.,1.56,2000
268615,6.44,Sydney Burton,Vivamus amet dictum.,1.74,2012
490809,12.2,Karla Atkinson,Gravida quisque phasellus.,5.25,2005
581906,7.18,Lilyanna Mcconnell,Ridiculus dictumst turpis.,2.81,2014
516326,10.81,Jazmine Lowe,Ligula laoreet amet.,0.24,2009
653374,5.92,Blake Langley,"Fringilla bibendum, quisque.",5.41,2014
195623,14.21,Graysen Castro,Est augue erat.,5.49,2011
115918,4.75,Jayson Wong,Posuere himenaeos nec.,0.99,1999
715501,11.55,Justice Bean,Faucibus litora consequat.,0.37,2014
824398,5.68,Cheyanne Carroll,Netus cras taciti.,5.48,2002
410091,8.46,Alijah Santos,Urna accumsan sapien.,4.05,2013
21631,1.39,Vera Singleton,"Orci hendrerit, lacinia.",3.08,2000
63722,14.28,Muhammad Howard,Amet arcu suspendisse.,1.52,2011
368956,11.89,Braydon Gibson,Cursus tempus fusce.,3.31,2013
916244,14.8,Mercedes Craft,Duis venenatis venenatis.,5.29,2004
829633,13.66,Cameron Buckley,Ornare torquent porttitor.,5.96,2008
984081,11.51,Nico Garza,Dolor habitant aliquam.,3.3,2003
643378,1.41,Miles Weiss,Lorem fusce phasellus?,0.5,2008
560313,2.08,Hugh Bean,Consequat nascetur eget.,1.18,2013
880296,6.79,Josiah Oneil,Est natoque viverra.,1.54,2004
7037,5.34,Willa Hodges,Cum mauris nostra.,2.28,2016
312510,6.58,Asia Hampton,Magnis hac velit.,3.77,2012
203325,13.09,Dominique Campbell,Facilisis at eros.,4.66,2001
591752,1.98,Sullivan Martin,Vulputate amet metus.,5.08,2015
262027,9.51,Isabela Lopez,Porta curabitur etiam.,5.51,2017
971209,14.39,Tiffany Estes,Semper egestas hendrerit?,2.28,2011
378726,8.01,Jalen Cherry,Vel aliquet enim.,5.09,2002
59900,1.6,Faith Gallegos,Senectus feugiat sem.,3.17,2015
926106,13.7,Nylah Brooks,"Mus, sollicitudin proin.",3.71,2004
347862,2.22,Urijah Frederick,Scelerisque lorem nec.,4.24,2004
157032,3.97,Hayes Harrington,Nunc vulputate cubilia.,4.86,2009
490441,9.94,Randy Zimmerman,Urna dictum dui.,4.79,2007
129612,7.72,Jewel Mason,"Penatibus, natoque sodales.",2.98,2004
589941,12.83,Callum Poole,Erat non pellentesque.,3.94,2006
717519,8.25,Uriel Michael,Habitant taciti facilisis.,2.04,2014
962949,6.81,Cadence Mendez,Habitant condimentum ut.,0.05,2012
818873,13,Isabell Wolf,Luctus mi ultricies.,4.25,2017
131583,6.01,Alonso Hodges,Id habitant elementum.,2.15,2005
126938,7.43,Jay Cole,Pellentesque cum ultrices.,0.28,2000
26970,1.64,Elyse Ford,Cras cursus erat.,3.94,2013
75938,8.88,Mariano Fleming,Condimentum donec blandit?,5.24,2008
643213,4.53,Victoria Wall,"Condimentum, scelerisque dapibus.",4.86,2010
825262,5.18,Giovanni Lucas,Non luctus eleifend.,0.68,2008
630153,10.55,Alexis Romero,"Curabitur, taciti magnis.",1.88,2003
395340,1.28,Raiden Peters,Tempor primis mi?,4.08,2009
563182,1.62,Santiago Shields,Netus nisi dapibus.,3.4,2005
318470,11.2,Jaxen Fernandez,Sollicitudin rutrum cum.,2.86,2015
878411,8.8,Siena Pitts,Scelerisque parturient cursus.,4.1,2001
417890,1.15,Jaylen Rice,Ut netus diam.,1.57,2004
711453,12.84,Molly Curtis,Nullam adipiscing vehicula.,4.91,2012
578352,3.54,Levi Estes,Parturient mi netus.,0.17,2007
128119,1.24,Araceli Lucas,Neque ornare condimentum.,2.02,1999
621507,10.23,Jaiden Gutierrez,Tempor ipsum per.,5.05,2004
485303,9.5,Joselyn Graham,Consectetur mi purus.,2.23,2015
649356,7.21,Titus Lester,Ornare tristique felis.,1.9,2001
910332,8.23,Charlotte Mccarthy,Habitant bibendum fusce.,3.34,2013
469073,6.69,Cayson Gillespie,Etiam sodales iaculis?,0.81,2014
137070,11.36,Joey Moon,Augue mi iaculis.,0.07,2002
962458,11.2,Wade Mercer,Mus felis venenatis.,1.78,1999
187048,4.44,Cory Cunningham,Id eu arcu.,5.09,2013
513321,13.08,Reginald Chapman,Porta nullam cubilia!,0.24,2002
633919,0.98,Larry Gilliam,Sociis blandit nunc.,4.66,2015
856067,1.69,Belen Wolfe,Pellentesque nunc justo.,3.44,1999
439491,13.14,Sloan Jones,Fames penatibus cursus.,3.54,2009
958760,14.04,Alicia Burch,Eget commodo aliquam.,0.5,2011
599650,12.32,Haylee Clark,Urna quam ad.,3.63,2016
803964,13.73,Yehuda Reeves,Nullam odio penatibus.,4.04,2006
88430,3.46,Skyla Gibson,Hendrerit id accumsan!,1.94,2010
180621,1.41,Sabrina Scott,Tristique quis viverra?,0.88,2000
838528,11.02,Emilia Sellers,Luctus elementum taciti.,5.41,2000
850265,14.09,Blaze Waters,Molestie leo dis.,5.08,2007
746531,3.06,Ethen Jordan,Quis hac varius.,1.18,2015
700841,4.14,Bobby Leonard,Metus cubilia montes!,5.68,1998
941152,8.82,Cadence Wagner,Torquent a aptent.,2.85,2000
751420,12.63,Brogan Pratt,"Nascetur ullamcorper, imperdiet.",5.25,2015
802738,13.75,Rylen Sherman,Pharetra at cubilia.,0.25,2013
121080,5.51,Turner Castaneda,Arcu condimentum consectetur.,4.86,2004
472349,14.81,Mariam Johns,Condimentum at nec.,2.31,2000
325246,4.74,Sierra Golden,Nec penatibus porta!,2.42,2006
838680,7.62,Jakobe Barker,Cras nam iaculis.,3.63,2000
512763,10.22,Layton Frazier,Phasellus sociosqu auctor.,1.1,2006
241103,10.73,Kennedy Ratliff,Amet hendrerit maecenas?,1.11,2015
506983,7.39,Madeleine Barrera,Ligula tincidunt ultrices.,1.71,2003
377123,11.02,Terrance Cote,Amet vel dictumst.,2.53,2001
764155,13.7,Kason Mccall,Sit torquent duis.,2.7,1999
152516,3.07,Alex Talley,Porta pellentesque dolor.,0.25,2003
612388,1.23,Corbin Cameron,Tempor pellentesque ornare.,2.81,2008
462439,14.06,Braylin Hinton,Tincidunt duis augue.,4.96,2006
384476,1.38,Declan Cain,Mi arcu cubilia.,2.93,2008
141794,9.37,Kareem Gibbs,Vulputate accumsan nostra.,1.64,2000
307861,11.25,Nickolas Trevino,Nam non cursus.,5.23,2005
573114,13.08,Samara Dudley,Dapibus aliquet per.,3.71,2008
265029,0.19,Leah Thomas,Interdum odio proin.,3.07,2011
690273,1.11,Jaime Alvarez,Porttitor hendrerit metus.,4.56,2003
787595,3.58,Analia Hill,Duis sapien nec.,4.81,2014
366284,13.46,Aliya Pruitt,Platea suspendisse tristique.,5.21,1999
897382,9.92,Tiana Johns,Himenaeos rhoncus vivamus.,4.04,2003
423472,5.96,Meadow Fuller,Magna volutpat fames!,4.61,1999
657764,10.74,Ava Warner,Ullamcorper pharetra velit.,2.28,2016
754307,0.5,Jaidyn Fitzgerald,Faucibus hendrerit fermentum?,2.17,2013
548558,1.88,Jaydon Reeves,Orci nam urna?,5.7,2011
291173,1.59,Kelsey Brown,Aenean faucibus montes.,3.93,2007
27741,13.13,Zoe Cook,Litora eleifend quam.,2.97,2010
813357,5.7,Kyndall Branch,Conubia maecenas mus.,1.2,2013
893277,7.42,Camila Tran,Id erat pellentesque.,4.69,2014
829540,13.79,Jolene Key,Vulputate vulputate vulputate?,5.86,1998
308343,3.94,Harold Fulton,Quam nec tortor?,4.59,2014
24063,5.97,Rose Dawson,Semper libero arcu.,0.25,2008
603215,3.77,Erick Stout,Luctus ultricies urna.,5.94,2000
5267,6.17,Lilyanna Battle,Himenaeos adipiscing ornare.,2.89,1999
217116,5.21,Vivian Wilder,Tempus phasellus ridiculus.,0.22,2017
344164,8.29,Izabella Haney,Nulla rutrum imperdiet.,2.85,2007
393299,9.62,Hassan Ferrell,Lorem nec per?,2.78,2013
141750,4.17,Micah Fletcher,Non vivamus gravida.,3.06,2007
490640,12.49,Tyrone Clark,"Tempus amet, vulputate.",5.28,2006
613207,12.39,Maxx Atkins,Ridiculus sagittis pharetra.,0.36,2008
25036,8.19,Carlee Bullock,Ac fringilla imperdiet.,0.68,2005
427304,10.72,Kyndall Cobb,Ridiculus elementum libero.,1.66,2015
803875,10.5,Hadassah Rodriquez,Tortor facilisis mattis.,3.74,2014
789268,8.77,Addilyn Stevens,A quis erat.,2.92,1999
766870,4.95,Yaritza Bartlett,"Fames id, faucibus.",3.58,2005
505398,6.08,Atticus Short,Urna lobortis platea?,3.34,2015
396531,7.43,Taryn Hooper,Pellentesque turpis phasellus.,2.4,2000
517715,4.77,Sarahi Wynn,Hac interdum curae;.,2.46,2005
811567,2.78,Maddox Byers,Sagittis dictum imperdiet.,1.88,2003
646928,9.45,Jada Pollard,Vitae porta enim.,1.59,2014
906477,5.24,Priscilla Ayers,Porta sapien vestibulum?,4.28,2004
531987,11.02,Karly Black,Pellentesque quisque parturient.,2.35,2010
150642,6.91,Kaylyn Torres,Metus accumsan mollis.,0.97,2012
4519,14.65,Francesca James,Accumsan auctor lobortis.,2.52,2016
910172,3.65,Jazlyn Rowland,Lacus suspendisse erat.,0.13,2003
386418,10.86,Genesis Hardy,Duis leo aliquam.,3.14,1999
405805,7.18,Rayna Chambers,Luctus viverra cum.,3.51,2012
448865,2.67,Rory Petersen,Adipiscing tempor leo.,0.1,2011
670135,0.08,Zackery Jones,Sociosqu augue cubilia.,5.07,2000
21085,10.23,Edgar Bray,Varius venenatis cras.,1.02,2015
117446,5.14,Anabel Melton,Facilisi erat lectus.,2.17,2007
487085,8.29,Millie Melendez,Ipsum tellus facilisi.,1.73,2004
589443,8.24,Drake Nunez,Euismod fusce consectetur?,5.32,2006
658690,10.49,Anabelle Daniels,Penatibus phasellus orci?,2.18,2002
990148,3.49,Kira Velez,"Gravida, tempus quis.",4.09,2016
763129,8.4,David Norman,"Gravida augue, facilisi.",5.1,2008
873259,12.76,Jair Frye,Feugiat aptent vehicula.,4.11,2005
533473,1.66,Stacy Le,Torquent dictumst dictumst.,2.09,2015
595233,10.29,Hunter Yang,Eu pharetra feugiat.,5.95,2015
640197,14.65,Cedric Peters,Purus nascetur vehicula.,1.6,2006
897395,2.43,Brooke Hayes,Ultricies lorem habitant.,1.62,2008
952151,13.69,Jazlyn Battle,Bibendum consectetur metus!,4.55,2002
30338,5.54,Cooper Mason,Pharetra luctus nisl.,0.6,2005
365208,2.61,Madden Avery,Lacinia laoreet aptent.,2.88,2004
783903,14.49,Jerome Mullen,Praesent aliquet placerat.,2.1,2010
186899,8.1,Jaime Copeland,Aliquet ante etiam!,5.74,2012
36021,12.56,Phoebe Ayers,"Faucibus quam, posuere.",0.39,2016
315282,0.31,Coen Sawyer,Sagittis vivamus facilisi.,3.94,2002
683696,2.46,Owen Bond,Consequat duis orci!,3.08,2012
700353,7.6,Kohen Palmer,Lacus cras ante.,6,2013
69405,11.75,Camryn Mcclain,Class cursus non.,2.02,2004
826267,13.33,Kendal Conrad,Amet proin conubia.,5.53,2016
266208,0.12,Elsie Little,Interdum phasellus etiam.,5.73,1998
202648,6.16,Christian Hutchinson,Quisque neque quisque.,4.53,1998
834841,4.08,Zaiden Bartlett,Augue est sed.,4.1,2006
103288,4.2,Fabian Melendez,Dolor odio erat?,2.9,2016
916074,4.03,Madalynn Delaney,Tempor vestibulum egestas.,1.27,2001
40485,12.04,Alana Leon,Cubilia interdum accumsan.,4.04,2014
771616,6.97,Kasey Burnett,Sollicitudin aenean netus.,2.28,2007
713336,8.44,Nikolas Mccoy,Fringilla leo condimentum.,3.92,2013
136851,2.06,Kylah Colon,Molestie fermentum ipsum.,2.59,2014
418234,6.24,Hassan Todd,Aenean tincidunt ridiculus.,4.13,2017
998681,4.97,Ryan Mullins,Purus diam ad.,0.97,1999
159879,4.79,Cullen Kemp,Scelerisque vitae bibendum.,1.62,2006
661763,5.62,Jairo Stafford,"Potenti, sed risus.",3.88,2015
951061,3.92,Briana Noble,A luctus congue.,4.59,2008
216417,12.81,Frankie Thompson,"Ornare, tortor tortor.",2.76,1998
39512,12.22,Fletcher Thornton,Dolor integer nisl.,0.04,2015
771485,2.87,Samantha Grimes,Bibendum nec in.,3.49,2004
50095,1.27,Kinley Gibbs,Sagittis platea imperdiet!,3.64,2005
65431,3.2,Collin Newman,Dignissim sit fusce?,2.38,2000
280631,1.02,Olive Ball,Phasellus suscipit amet.,0.44,2012
318949,5.51,Kinsley Blair,Torquent dapibus eget?,2.83,2013
639618,10.33,Giancarlo Mcclure,Eget fermentum odio!,5.92,2003
442380,6.99,Braydon Lara,Ultrices auctor integer.,0.28,2011
964149,0.68,Byron Lynn,Fames turpis montes.,4.97,2009
961190,1.72,Lena Bowman,Congue cras nostra?,2.37,2009
706292,9.24,Averie Chapman,Risus velit nostra.,1.42,2001
272830,3.17,Jaxen Pollard,Dolor ac sem.,2.92,2007
226228,6.96,Donte Kidd,Mi sollicitudin habitant.,4.55,2010
98216,2.54,Patricia Peters,Ipsum condimentum purus.,3.86,2010
180413,10.44,Danika Russo,Vehicula felis proin.,2.25,2012
241147,11.19,Mariana Oneal,Molestie lacinia magnis.,0.54,2004
743058,10.59,Melanie Bender,Donec metus ac.,2.29,2004
18915,9.5,Esther Tyler,Laoreet pellentesque orci.,3.57,2016
649201,14.39,Reese Nichols,Ac suscipit neque?,2.32,2015
977412,3.05,Kolten Collins,Facilisi dictumst laoreet.,3.67,2004
297655,5.28,Kassidy Duncan,Cras gravida purus!,3.14,2010
753989,0.65,Melanie Best,At lorem nunc.,3.67,2004
402115,6.1,Anabelle Barker,Lobortis pretium maecenas.,0.79,2002
201377,2.82,Erika Weaver,Sodales parturient convallis.,3.15,2006
928698,12.31,Marianna Jensen,Dui cursus facilisi.,2.99,2016
135923,2.78,Skye Fischer,Scelerisque nulla proin?,2.77,2004
308207,2.25,Zavier Patrick,Gravida platea aenean.,2.52,2017
323447,5.87,Chad Perkins,Fringilla vivamus nam?,0.89,2012
161394,9.42,Samir Watts,Montes porta nulla?,4.1,2006
565981,2.16,Everett Hess,Posuere at mollis.,4.51,2014
25502,6.18,Camren Mullins,Parturient mus arcu.,4.27,2014
2691,10.5,Matilda Park,Molestie vestibulum natoque.,0.1,2003
820374,11.34,Maximus Mooney,Vivamus in cum.,5.9,2010
988238,1.38,Emilia Knox,Justo neque phasellus.,5.32,2002
42406,13.37,Renata Huffman,Dapibus consequat vulputate.,5.83,2006
161890,4.35,Reece Daniels,Dis mus dictumst.,0.28,2001
924622,9.52,Simon Bates,Aptent torquent quis.,4.18,1999
570638,4.77,Annabelle Rasmussen,Diam sapien taciti.,0.28,2012
51157,14.79,Damari Caldwell,Orci scelerisque litora.,1,2016
959615,3.21,Olivia Garza,Pulvinar odio lobortis.,5.71,2015
164432,3.61,Keira Chaney,Vitae taciti metus.,1.61,2017
593090,14.84,Trinity Mccall,Primis phasellus enim.,4.08,2005
153292,5.81,Leila Dickson,Sociosqu venenatis est?,5.44,2011
219328,14.51,Alaina Sears,Felis porttitor dictumst.,2.68,2003
460402,12.08,Heidi Weaver,Ad placerat eu?,2.66,2012
42585,2.37,Lylah Padilla,Nibh a donec!,0.14,2011
397162,8.02,Anthony Bush,Turpis praesent imperdiet.,4.4,2006
815528,8.31,Diego Foley,Facilisi amet a.,4.17,2013
104452,9.57,Brisa Howard,Primis potenti morbi.,1.88,2008
415358,7.52,Corey Moses,Nam lorem dignissim.,0.79,2004
147459,6.41,Averie Mcknight,Ante inceptos eleifend.,3.27,2014
516919,7.97,Knox Torres,Nisl odio justo.,3.34,2015
982881,8.44,Kasey Bean,Metus quisque semper?,4.52,1999
226069,4.55,Dangelo Casey,Tempor vulputate sociosqu.,5.63,2006
786794,4.66,Colton Newman,Scelerisque aptent sagittis.,4.06,2011
786608,8.24,Jonas Nunez,Interdum dis fusce.,0.48,2005
381448,6.98,Ramon Brennan,Congue hendrerit cubilia.,4.56,2017
724021,2.56,Konner Wood,Cursus interdum rhoncus.,4.94,2012
249291,10.73,Hayley Cantu,Quam curae; iaculis.,0.71,1999
39342,13.1,Giana Gibson,Quisque faucibus euismod.,4.64,2008
872487,6.92,Madden Daniels,"Conubia, consequat risus.",1.09,2013
316407,14.88,Kamren Newman,Himenaeos mattis egestas.,1.27,2013
886221,5.52,Rowan York,Posuere consectetur netus.,2.27,2007
855772,5.98,Tristan Fitzgerald,Turpis venenatis vel.,0.92,2016
784058,2.47,Parker Glass,Varius tellus laoreet!,2.04,2006
198595,9.47,Flynn Le,Rhoncus consequat quis.,4.11,2005
163662,6.87,Cambria Todd,Proin volutpat diam.,2.96,2000
653744,9.79,Nico Manning,Vulputate volutpat faucibus.,0.29,2013
751120,8.77,Caitlin Donovan,Commodo tristique dictum.,0.27,2012
691430,12.94,Kendall Mclean,Enim primis viverra.,0.67,2003
692194,11.58,Xavi Andrews,Curae; sem vehicula.,4.08,2007
316629,4.25,Geraldine Boyd,Vestibulum aliquam nibh.,1.09,2002
848744,1.84,Blaine Mcknight,Sagittis sapien consectetur.,3.11,2004
785586,0.58,Russell Paul,Tincidunt scelerisque auctor.,1.83,2012
88627,2.89,Blakely Levine,"Erat ut, per.",0.81,2008
278679,8.08,Giuliana Mathews,Vestibulum praesent est.,3.11,2001
807350,2.86,Cayden Ballard,Senectus faucibus quam.,4.15,2003
392929,0.07,Trevon Orr,Platea aliquet elit.,4.13,2007
169749,0.83,Alma Meyer,Nulla ultrices est.,2.85,2007
567419,3.5,Damaris Jordan,Praesent netus bibendum.,5.33,2000
809982,14.12,Jax Garrett,Rutrum habitant arcu.,2.46,2010
804931,11.15,Salma Mayo,Platea sit interdum.,2.94,2011
978121,13.12,Ari Howell,"Molestie, tristique justo.",1.93,2008
303060,10.52,Eugene Navarro,"Tincidunt, ultricies morbi!",2.24,2005
371611,9.1,King Cochran,Duis eget elementum.,0.19,2003
858098,3.95,Raina Ball,Tellus venenatis tempor.,5.74,2016
139893,13.91,Avery Harding,Libero purus nunc.,3.25,2007
154960,3.61,Mya Mccray,Curae; vestibulum consectetur.,5.77,2001
800465,14.39,Maxim Ford,Quis neque porttitor.,5.51,2013
306444,3.31,Dakota Brennan,Vivamus odio suscipit.,0.47,2012
54653,3.1,Kaylyn Mcdowell,Eros pretium rutrum.,3.67,2008
255099,8.18,Yuliana Johns,At dictum morbi.,5.88,2003
741398,5.64,Ally Bailey,"Torquent vel, placerat.",1.91,2009
900984,11.8,Jazlynn Fuentes,Nisl scelerisque habitasse.,2.03,2010
417309,3.48,Alia Rutledge,Imperdiet gravida imperdiet.,3.87,2009
68597,9.35,Roberto Pope,Elit nostra platea.,4.73,2016
301289,0.34,Jenna Hogan,Parturient eget senectus!,0.9,2002
676264,3.68,Lexi Pate,Ornare sed interdum.,5.94,2014
572001,3.39,Jeffery Hodge,Sapien pellentesque arcu.,3.34,2014
721256,10.57,Tyrone Garrison,Vivamus blandit purus?,1.49,2012
256462,9.76,Blaze Strong,Per ante convallis.,1.05,1999
943926,12.5,Alfredo Downs,Placerat elit primis.,2.02,2015
198044,2.32,Duncan Graves,Morbi sociis accumsan.,5.21,2002
284141,9.59,Jordan Stout,Tortor maecenas facilisi.,2.76,2008
842156,7.55,Hannah Sweeney,Ac bibendum rhoncus?,0.4,2011
493295,4.79,Jovanni Cooke,Tempor condimentum viverra.,3.28,2008
827905,1.97,Kingston Freeman,Placerat porttitor mus.,4.02,2007
515183,4.2,Lucille Reeves,Etiam; laoreet cras.,1.59,2005
624004,12.6,Allyson Prince,Odio lacus aptent.,5.24,2014
499007,12.28,Tyrell Leonard,Feugiat parturient cursus.,2.86,2004
697207,10.23,Maci Henderson,Lorem dapibus odio.,1.27,2013
557819,5.31,Major Clay,Condimentum; lectus convallis.,0.12,2013
951565,8.57,Talia Valencia,Iaculis mauris sodales.,2.29,2007
635657,5.23,London Bullock,Molestie ultricies nunc.,0.14,2016
426768,5.6,Trenton Mcdonald,Consectetur primis et.,3.88,2007
96667,4.9,Hannah Kane,"Dictum natoque, id!",0.91,2009
493870,7.59,Lindsay Massey,Potenti penatibus elementum.,5.16,2015
899494,9.3,Rylan Alvarado,Faucibus ut eleifend.,2.93,2008
36667,4.63,Coleman Hatfield,Netus commodo sit.,2.54,2006
470219,11.23,Emma Sullivan,Ac leo bibendum.,5.75,2001
357010,10.72,Blaine Quinn,Sodales justo magna.,4.31,1999
637128,8.54,Natalia Bullock,Sodales aptent senectus.,2.8,2007
792346,14.72,Kara Shaw,Rutrum pulvinar elit.,4.91,1999
240581,8.93,Romeo Noel,Dapibus magna facilisis.,1.2,2012
283749,7.58,Madelynn Kemp,"Cum sapien, proin?",3.22,2004
281286,1.9,Armando Fitzgerald,Suscipit purus etiam.,4.47,2006
382742,14.93,Daxton Ayala,Pretium posuere ipsum.,0.62,1999
720233,1.35,Milagros Kirkland,Nisi feugiat inceptos.,5.72,2009
435173,7.66,Caden Cantrell,Litora facilisi amet.,0.08,2016
293588,10.87,Jalen Houston,Quam ad curae;.,4.45,2009
930446,2.23,Juliana Trevino,Tristique nisi sociis.,5.27,2008
955824,7.82,Ryann Kemp,Fermentum nunc arcu!,1.4,2001
254366,5.85,Jaqueline Larson,Risus lobortis ante.,1.73,1999
814359,0.65,Tony Koch,Convallis placerat pulvinar.,5.64,2006
333900,5.67,Rose Estes,A ridiculus taciti?,0.18,2010
669002,8.13,Layton Garza,Tempus orci in.,5.3,2011
912121,9.68,Bruno Duran,Per litora dui.,1.02,2012
519470,7.39,Maksim Lloyd,"Tempor adipiscing, parturient.",5.14,2010
441620,1.01,Holden Holloway,Dui porta; vivamus.,5.06,2001
654268,6.94,Gunnar Hubbard,Ridiculus dui dis.,1.42,2006
834678,0.73,Destiny Sandoval,Justo senectus netus.,4.56,2003
184211,14.09,Coen England,Felis vitae ante.,0.16,2002
558453,3.36,Samiyah Gutierrez,Augue fames interdum.,4.57,2009
133866,0.44,Weston Mueller,Massa cras mollis.,0.33,2002
813499,2.77,Kirsten Black,Vitae luctus dolor.,5.77,2008
454198,2.43,Emmy Barber,Lorem imperdiet conubia!,3.05,2002
783863,0.14,Ryleigh Frank,Fermentum velit sit.,1.65,2002
569703,2.87,Alia Mckay,Nostra commodo ante.,1.33,2014
197068,9.07,Julien Burris,Facilisis consectetur mauris.,2.34,2009
